id;nom;prenom;login;password
1;integrated Frozen Cambridgeshire;Maine COM Group;Montana Frozen gold;Concrete
2;markets;transmitting;product Plastic;Grocery e-tailers
3;Mobility;calculate Branding;Ball navigating;SMS Jewelery Pants
4;bi-directional;Synergistic transmitter;Idaho Tennessee;Associate mobile
5;Soft global withdrawal;Administrator Kansas Bedfordshire;Village relationships;incubate
6;Architect Legacy USB;non-volatile;Cedi Verde Legacy;grid-enabled
7;Baht;platforms Idaho Polarised;payment connect;SMTP
8;Seychelles Ergonomic;Supervisor;haptic matrices;Belize parse Guinea
9;Vermont Facilitator Fish;alarm Kids;Cambridgeshire Alabama Polynesia;architect background
10;Licensed;Assistant;withdrawal Bedfordshire;Awesome multi-byte
