id;titre;nom;prenom;type_identite;num_identite;validate_time_identite;profession;nationalite;address;gsm;email
1;Avon;mission-critical transmitter;Coordinator Lead portal;Rustic Berkshire granular;dedicated Account;2022-01-17;Metal Road;override programming program;Baby target orchestrate;robust model;Durward48@hotmail.com
2;matrix Kroon Road;transparent system Rupee;Buckinghamshire;Cambridgeshire Platinum Berkshire;frame Applications;2022-01-16;Home Fiji;Visionary;Afghanistan Chicken;Burundi;Darrell12@hotmail.com
3;cross-media;redundant cross-platform;innovative Home;Pennsylvania needs-based integrated;Vermont;2022-01-17;Checking;olive Chief Bacon;Buckinghamshire multi-tasking Franc;De-engineered Hat;Antone.Koch25@yahoo.com
4;compress Borders migration;SDD;Sleek transmitter payment;SMS mobile Unbranded;Division Loan;2022-01-17;Awesome;Associate;port;Bacon;Cassandra.Swaniawski@hotmail.com
5;Tugrik;invoice Account;Granite North withdrawal;synergize bypassing;Hat withdrawal;2022-01-17;Indiana;Planner open-source implement;extend Centralized Soft;Rustic withdrawal;Mellie_Littel45@gmail.com
6;Cyprus web-readiness;users;Gorgeous;clicks-and-mortar generate;mobile Avon hack;2022-01-17;Concrete Function-based SSL;benchmark;salmon Metal Som;reboot Web Cambridgeshire;Lelia_Labadie63@gmail.com
7;Djibouti Wooden;Quality-focused Account Gorgeous;Seychelles;utilisation Account;withdrawal Soap Ball;2022-01-17;microchip models Plastic;Investment Intuitive frictionless;distributed;Account generation;Alvena74@gmail.com
8;Brazilian Concrete;African Metal;index synergize;Franc Switchable;Senior e-business;2022-01-17;overriding Computer holistic;invoice;TCP California Dakota;Soft Berkshire;Alexandre83@hotmail.com
9;initiatives Shilling Supervisor;integrated;override;Industrial Ergonomic Madagascar;blue secured drive;2022-01-17;Chair;Account neural-net;Focused;withdrawal application;Anastasia.Green85@hotmail.com
10;management hacking Rupee;Concrete Senior Polarised;Shoes Computer THX;Croatian quantifying Director;protocol reboot matrices;2022-01-16;Buckinghamshire functionalities;syndicate Home Profound;deposit National;Solutions;Nyasia0@yahoo.com
